,adjuvant,betaAb,betaHA,betaNA
0,MF59,2.1546856005,1.78801692829,3.24847617398
1,AS03,2.98262783433,3.71153371133,4.78437670678
2,Diluvac,1.0,1.0,1.0
