,adjuvant,betaAb,betaHA,betaNA
0,MF59,1.0,2.9282661585993424,8.260429393605648
1,AS03,1.0,4.506449315904217,11.545529443047727
2,Diluvac,1.0,1.0001723724271332,2.4073216475941206
