,adjuvant,betaAb,betaHA,betaNA
0,MF59,1.0,3.00297190915,7.22885811171
1,AS03,1.0,4.36258736995,10.8944124903
2,Diluvac,1.0,1.00463563784,2.15204898614
