,adjuvant,betaAb,betaHA,betaNA
0,MF59,18.15817236097014,1.7041036343050935,2.2627797843723223
1,AS03,24.97597697972365,1.6643067694847251,4.650980895872398
2,Diluvac,1.0025802739237935,1.1605370454181319,2.5424275019323908
